,0,1,2,3
0,1.1697801690572007,0.18744145261329245,-0.042551860828178883,-0.4488844119475463
1,0.20554424889449346,-0.656716784571788,-0.28169351318207736,-1.1332804658687263
2,0.7102470816531992,-0.27606962607132385,-0.43686228226955826,-0.6486082044691484
3,0.5467047241051906,0.3270491575187374,-0.2904503398807689,0.61885385334347
4,0.35095516545604777,-0.568337907406844,-0.48598302621554595,-0.6702136041311277
5,-0.2711606841000241,0.599754582854746,0.07081842506160885,-0.07764029408106932
6,-0.24056993961446732,0.3544591494180217,-0.24954680616658953,0.14257658873364293
7,-0.023113120231024464,-0.37370081421115,-0.6100729972035854,-0.8981504439863787
8,0.009831492924354979,-0.8007542821157195,-0.050286807912017784,-0.4106003332852267
9,0.6953186562522,-0.5296713303776345,-0.6293669583990595,-0.8345627826957721
10,-0.022939884107010255,-0.0006237761126667574,0.6102290687205061,0.28815256634777364
11,0.3187473884265657,-0.8267329438943548,0.05993320803660679,-0.5271817017337147
12,0.5305407615641488,0.21431134401026483,-0.3979527692313398,0.15480209253480742
13,0.058270763816633986,1.029422553014713,-0.5624248434377257,0.13232776556590564
14,1.2496391091248027,-0.4620014614900202,-1.0302828610110513,0.9781329973490224
15,0.24068628698655595,0.051476546641733484,-0.29154122790198633,-1.0923490537855312
16,0.6468001471429399,-0.28798477997117905,-0.9438360777958845,-0.011682487227539257
17,-0.2891386003608663,-0.6354716672264057,-0.5146384206362039,-0.7714391363808815
18,0.17155469136837648,0.14721760850855378,0.45879391450614876,-0.954603862439831
19,0.36223770576027914,-0.1675186116657803,0.14245461680240423,0.8965003980897602
20,0.6357015076640697,-0.01043758992881147,-0.163668041518684,-0.5174426323703988
21,-0.4918653646035606,-0.043505868444096124,-0.5389177431144289,-0.020705301991864627
22,0.36157149490481777,-0.008971594817593881,-0.14762541915207442,-0.3540096105675947
23,0.421685207532957,-0.8160430827027965,0.5500231779399352,-0.33494655715699895
24,0.8053578353817306,-0.1818529089468597,-0.3897177785022832,0.07077922800400527
25,0.426356474278431,0.21145293187423772,-0.6144046966374248,-0.1031126049145499
26,0.816471412169616,-0.16028088683961467,0.3021019439891614,-0.3924094749772101
27,1.3685646526435447,0.23755301735938963,-0.3379142071739345,0.08113149111943202
28,0.37923739383521193,0.34506804234945787,0.07138092491488135,-0.47676136787176354
29,0.9121042046287968,-0.9589624998419853,-0.20850419889535676,0.6812261094923451
30,0.5037142849057346,-0.7338067437496152,0.1415245631111579,-0.2382586075394981
31,-0.26011479703057555,0.008419699815003262,-0.29139551228521765,0.3988997449183729
32,0.4189244174057941,-0.3248606292180503,0.376308582004009,-0.30375745765524265
33,0.33853533239731803,0.32330943840006054,0.6801767364961064,-0.6499846877831237
34,-0.14742596691575638,-0.3562951447014907,-0.20235050438280608,-0.569355881598037
35,1.1714028489431383,-0.26097523201323003,1.1660036194680667,-0.05692885451011298
36,0.6512919035323733,0.0763765940851748,-0.5895518625097871,-0.556326728556281
37,-0.017319303633885674,-0.6664109995547653,0.13723374174563918,-0.30152659483171074
38,0.8068525073832493,-0.5142226336559061,-1.2032426152266793,0.3859432616003522
39,1.0848098597726934,0.1684613649531134,0.7087478599547554,0.31533194257427877
40,0.22806237268895976,0.4244178559668206,-0.06844028287624204,-0.5202368461094284
41,0.29841990527591494,0.4086129156302144,-0.5580111037414942,-0.4021889864230067
42,0.02808184289943022,-0.6500425943319509,-0.4834386722277895,0.5032760058711598
43,-0.008800785929610644,-1.2993735152022061,-0.4968925944179484,0.5002686937813079
44,0.17053715097873764,-0.20669132609104135,-0.09500560730003654,0.14264415309015488
45,0.9784471574171063,0.26931570012387107,0.6219835334493251,-0.35941468675824373
46,0.0004358859743529564,-1.0849732108727688,-0.06624839113916331,0.7246618355650788
47,0.49389188277141416,0.07297152611828481,-0.25463609272244436,-0.10837342449312617
48,1.1104743835749127,0.15728417855294427,0.6588288428119062,0.7023719618285681
49,0.25774232383070783,-0.258499343506438,0.2642109772424015,-0.44258862024424317
50,0.806665936107388,0.3538754997147696,0.30924909883652935,-0.1076100258522347
51,0.7672629696525762,-1.1404318419579398,-0.2659639735832865,-0.07605764915221466
52,0.6673094682289156,0.21488095998620602,-0.8146692581331025,-0.259798270810766
53,0.2651398931398532,-0.48174182947546995,-1.2982537354950343,-0.5771551617780109
54,0.5622872740626049,-0.6619890003110595,-0.3136664583203439,0.08085911267494489
55,-0.01970870298242189,-0.28313506448192766,-0.2714367465694684,-1.0442730362768453
56,0.2879275537458388,-0.42843761269954395,-1.3252178330065694,0.27828587544838895
57,0.2487160314530491,-0.5919729744000116,-1.351956475257863,0.03676254456444855
58,0.7639178614769997,0.34538649688851386,-1.0810076551558685,-0.21178134448720323
59,-0.5510759748827705,-0.5605446639609996,-0.12980986263531333,-0.5842487261054373
60,0.2912728022872073,-0.8644724016679376,-0.818214468466987,0.2600110756826965
61,0.16170818498344014,-0.3431342434927777,-1.026209670282148,-0.07366365463157236
62,-0.15615001541308077,-0.4631093372602413,0.029413828952529086,-1.0869682606381925
63,0.29691004273813626,-0.7191020813207422,0.08283955453790959,-0.4592403558167912
64,0.12089450558778128,-1.7806185078176273,0.3101977281754184,-0.061352362894024626
65,-0.309329580118284,-0.3986546234344861,-0.6596317446558861,-0.8112645585784872
66,0.8407898645015253,0.5335926092555396,-0.44881979940587374,-0.06272768084741967
67,-0.6372164553812794,-0.7455301934799491,-0.7375923013743091,0.5569523661376481
68,0.19819021753395683,0.5761228914645188,-0.17304810867861972,0.40580177041691623
69,1.4385581936211655,0.1305002120778376,-0.28784500488549924,-0.07949028475248802
70,-0.04233286398531877,-0.48979954045045404,-0.05696149317436622,-0.4936792741353432
71,0.912285844722837,0.8056879401670177,-0.05401501758641858,0.3724217059223882
72,-0.33979340516845874,0.14825620075491083,-0.5359989937214028,-0.7897616067868967
73,0.22512406862841383,-0.709989427001757,0.1904487103883274,-0.20587962093376155
74,0.10983299576390498,0.5747544841075956,0.3447017637286383,-0.8828176862584025
75,0.08393526238565793,0.11113554426489783,-0.6982299672708285,0.28814486622650526
76,0.5579320361074388,-0.7159287646189356,1.2400964744115746,0.6424607352234046
77,0.33788355983542606,-0.2455513331777247,-0.5141342433129392,-0.12258727110510581
78,0.8038327215148113,-0.2952717373114585,-0.12165219008004594,-0.5431278521660505
79,0.5215004558842747,-0.12641441637107262,0.1127924579657188,-0.3356366968309058
80,0.9210057792174557,-0.6615811071325126,0.09318082398520122,-0.633854124381549
81,0.08107648692817965,-0.40176033710506576,-0.9506812202518153,-0.28172700010846685
82,0.7758659856960057,-0.7173632914431478,-0.5120166260617414,0.4057932163750162
83,-0.04247979618468545,-0.5073376744645778,-0.7590994979510635,-0.1986647503729713
84,-0.2140990025450235,-1.3333836074662488,0.3482600740331226,-0.36867681262594987
85,0.20368101874876754,0.2259912334948939,-0.016597454270506462,-0.7012595732149368
86,0.01277536052029582,-0.25049743415413517,-0.0836127354701346,-0.28151011608551607
87,-0.5075148490268986,-0.9879926212140555,-0.3937695283377658,-0.6922652822823512
88,-0.39359611005190215,-0.7257037914797086,0.6243345726973406,0.1786848866587764
89,0.4938642733610903,-0.3780135957708545,-1.0483276972284636,-0.684363523282893
90,0.46701918493047156,-0.8342639829133893,0.6979628651379919,0.3597347944903806
91,-0.4695537614600635,-0.14856914440555452,0.0757555704440046,-1.2264917948138567
92,1.2188866551212612,-0.5457443509411839,0.08321555484553017,0.5664945122769847
93,-0.4260334649176967,-0.2670179964059975,-0.11619617211516,0.3793986922927933
94,0.9376227854752595,-0.3122933775651768,0.30516723977439547,-1.2369975826311377
95,1.0308639557093566,-0.26178283238978406,0.04321881627524338,-0.5701592276003833
96,0.4279015623314792,-0.19894625190418463,-0.050260263668610305,-0.211080468799782
97,-0.39701929933458063,0.18846218490349168,-0.13084997258044279,-0.4827260488940461
98,-0.02865007293435423,-0.24796470369547186,-0.5066517375657995,0.0786783832637502
99,0.5150328461889907,-0.24457719380195989,0.31157313477448095,0.6080998203545215
100,0.678032245828003,-0.37165881062656425,-0.5074760676808434,0.014613257895523424
101,0.23946868234722268,-0.18082969879912097,0.4061439307939178,-0.8927796883678234
102,-0.18668187894306326,-0.09404369194821297,-1.0733483117012188,-0.9149755508512579
103,-0.13277398666989382,-0.12548260805862116,-0.6686764578773601,-0.1531190552777013
104,1.6636568762220958,-1.9557637995091244,0.1305727391925457,-0.8550010125788771
105,0.4647109208713338,-0.3612591697713379,0.1148481501298882,-0.6304099269540113
106,0.08086504010763079,-0.15228553864035085,-0.6948542015421806,-0.33480997180571126
107,1.3314353835682333,0.07192836082973789,-0.5487460829031607,0.20986694550838797
108,-0.1683639791735747,-1.1017241913337528,-0.20463990905533783,0.3511062099810659
109,-0.49435587000441666,0.49385476044633125,-0.6226376775792815,0.07418345060594334
110,1.495610972638395,-0.44814245042197176,-0.6324632003478794,-0.4888901009473494
111,0.34364249835017713,0.3936872626927648,-0.4674866286894949,-0.2209145216333436
112,1.191118889353372,0.6068454725105735,-0.570549509217106,-0.47333345353304224
113,0.8015888423405028,-0.13569102456286744,-0.05344432540009342,-0.8792901624504632
114,0.17385964959720346,0.3672746950185989,0.5652054138279865,0.03486071438016841
115,-0.45345996755936907,-0.3406057045902629,-0.43174604343727285,-0.40539314405444227
116,0.1615405730960709,0.383751766868918,-0.2234998500968668,0.2043723553110789
117,1.2099694232803266,-0.9279104620652221,-0.5896810122920269,-0.4023642672309111
118,-0.28338717053343204,-0.3923996404160917,-0.38292955132654305,-0.2978901457917844
119,1.0631855387927276,-0.41612533828765724,-0.45818515365589424,-0.6757908400772334
120,0.9409122647440873,-0.5364829102563782,-0.1542805231587841,0.06395773047644737
121,-0.16154384947701422,0.4386964567189715,-0.2643848868174925,-0.4415356536200089
122,-0.0727163593732133,0.2221985131785256,0.06376388578460213,-0.3578505505186357
123,-0.13235658124295102,-0.7487538628773969,-0.6107039844113313,-0.006874762831521525
124,0.5282978364412655,0.2585655680095187,-0.09751385449861544,-0.5921793814090961
125,-0.26134116945986124,-0.24921636160438082,0.21384798197090082,-0.667799015852738
126,0.48799993792746443,-0.4147358800466693,-0.5791457015267926,-0.20935665346766175
127,0.5195615337432921,-0.32715149746503924,-0.4513386039441423,0.20915842385429062
128,0.35627241306600493,-1.132751601278516,-1.0538750259847758,-1.0840200183272934
129,-0.20508302233721637,-0.4232820861499391,0.1118089638784261,0.3331619049074287
130,0.6529817134505221,-0.7597979480946079,0.48350212485352934,-0.29337216333847965
131,0.0594449772901845,-0.41552898272979,-0.11089811421801046,-0.8015408469295456
132,0.6683196284515869,0.1818194125276004,-0.26271507702620794,0.6558580274129278
133,-0.0887687720839817,-0.8147991280580749,0.027387124834356985,0.6143105006895491
134,0.4522597914615235,-0.24542559379193082,-0.7977683454670652,-0.5697148063878723
135,0.9582481874204452,-0.20943849576006604,-0.21100899895121605,-0.7381231669640487
136,-0.06929867874594492,0.3831284958169878,-1.1518211443190336,-0.714546212357438
137,0.6012346055625915,0.015846761115223013,-0.14846903552408275,-0.9540267801844626
138,0.3034436939696556,-0.27941593738130793,-0.20364295181987702,-0.32060788955905983
139,0.4426569802525009,0.36833151444616274,0.15761817554870333,-0.09248050222952277
140,0.17832772597043783,-0.151295612215253,0.018297608064446746,0.2691629561093167
141,0.4169034143712471,-0.6873465934049203,0.25189331665526915,-0.5345646253597451
142,0.42004825220694525,-0.25003170076111025,-0.7278457222514567,-1.1103508037097705
143,0.5643458058616091,0.35116840872246313,0.5471045988301502,-0.21777155095517287
144,0.2957598495951126,-0.4116895666531237,-0.03749525004981766,0.3639755465647977
145,1.228797846952885,0.45870042199618744,0.9988833842145026,1.0322805189559046
146,-0.1634519428945153,0.14357951431497754,-0.10565803937696991,-0.21228988675206037
147,0.6418568590835884,-0.5649814891214058,0.6429427958228924,-1.3130038142413976
148,0.5009283602795249,-0.2845239462287937,-0.41899353261539096,-0.7908048156667218
149,-0.4489916822931524,-0.9413303738720683,-0.270617131882488,0.3768873267003603
150,1.0735829160541863,0.5759378669391928,-0.654554297268924,-0.756330940669256
151,0.5937978331351794,0.13886936211507497,-0.46761327964503446,-0.2299217431575738
152,-0.3686600988476541,-0.12059087550521515,0.6437753849745329,-0.5709012701431528
153,0.46817377989263,-0.1573632241033868,-1.4741906095951631,0.3222327153105665
154,0.09007216558519326,-0.5279152970932145,0.23850369312980363,-0.3661470231573467
155,0.5583551630895343,0.3062748792135247,-0.12214522445529438,0.30295336985468757
156,0.6654272417089541,-0.3886891367284049,-0.8998132475365623,-0.2871814408902855
157,0.4121810069947519,-0.6345924376261026,-0.23401396930511903,-0.476559589862189
158,0.5936019275553195,0.17808827371579614,0.30042167510812473,-0.36071086064559843
159,-0.47724728803314725,-0.5207353532876955,-0.01706407764991935,-0.33403465833360574
160,0.17727193116327306,-0.06635304208182605,0.3307651635489535,0.13996073852787533
161,0.7530681984947094,-0.9305991708973292,-0.5735421639438554,0.28179967109869813
162,0.5915878302039663,-0.03302932072972012,-0.8432584933939384,-0.5221505551658672
163,0.4706205675417811,-0.6173582900842739,0.04628405674132338,-0.04051061579648005
164,0.05020420490068889,0.8083583315019048,0.8242117228034183,-0.8543749986673026
165,0.01612958006345644,-0.09101469525005734,0.6047738551358777,1.0188162686019262
166,0.1706912940227673,-0.18799218643837295,-0.23322070836894365,-0.2681531330614993
167,-0.1865254700408669,0.02438118212346177,-0.699676512634644,-0.7398953790383439
168,-0.2639598727175177,-0.46658970647915643,0.09374599370530445,0.3986420449813671
169,0.5495997148622787,-1.164076911863075,-0.4952916470560518,0.27642729680324046
170,-0.48106729895794204,-0.1600668001464025,-1.0413343712498544,-1.2673876145972516
171,0.07216013812871147,0.4648763766220442,0.1416136481828485,-0.09781449843481871
172,-0.4834447175071713,-0.31185718715412347,0.5062404589105016,-0.024633144015622527
173,0.5252544494544099,0.6433920788086431,-0.3469982022253151,-0.8515476282871607
174,0.6974019787899035,0.08053315995669738,-0.26351533860233967,-0.2775414723991341
175,0.260676061249812,-0.21355074256240453,-0.3779134808604836,-0.04246028191566151
176,0.53019014845532,0.14045821084236407,0.06490233618384239,-1.0647992906369768
177,0.7686488040170725,-0.018972375288037968,0.15644565671546573,-0.13702682419823112
178,0.1848488875539456,-0.6759759251859304,-0.3664487642605478,-0.633575978760482
179,0.141939673588839,-0.0006206381235864256,-0.6113063905944675,0.6132303275047329
180,0.31460146522433524,-0.41496651303255616,0.48946577285062426,-0.1263007308225128
181,0.7180454919233493,-0.2622250983319533,-0.09353230782095973,-0.5110780669402002
182,0.27511461475371046,-0.9102193908996764,-0.360949849858145,0.38913674373510676
183,0.8158686522333991,-1.0619374509187305,0.494363941058328,-0.1865905119743384
184,-0.15043412209116186,-0.1243751028828981,-0.1745899540823809,0.060215798883140936
185,-0.14517700377508197,-0.4488900867549154,0.5919645062204797,0.3852187422508636
186,1.0504288100245152,-0.39261529344188695,-0.5670286963522616,-0.41410134290535605
187,-0.5935974029596918,-0.8946765104054474,0.28563759365097907,0.6336151977683643
188,0.6348421817485412,0.08380102620109794,-0.28223958247124736,-0.5034985465020475
189,0.3478929196108198,0.1318170058316139,-0.26598100552633863,-0.3521488271722455
190,-0.5006088309727434,-0.336713343906524,-0.1273197110096737,-0.18218046403499993
191,0.02189783185220634,-0.3654783479456055,-1.0378760080200051,-0.18613788714098492
192,-0.16529474422489132,-0.741742301472193,0.24401248897919414,0.030472009628264185
193,0.3862779387665279,0.3696411524456722,0.7986458845035407,0.21998830770413003
194,0.4127922247302721,-0.5976312887602534,-0.3902945771857695,-0.8319354242454977
195,0.29545958095176816,-0.4014720274316749,-0.17528283101059253,-0.4617300565203188
196,0.011471432771169243,0.16147313549332712,-0.8655145123981127,-0.13968001976285183
197,-0.0992912041474171,-0.6505689984877159,0.025698092887738333,-0.2687678819987338
198,0.9814450993172432,-0.3871078383422314,-0.1688253952434318,0.32647913087693914
199,0.419231663011165,0.3106579954395775,0.9674151336160581,-0.7410273454664341
200,0.7755992190974721,-0.9422533409699557,-0.13421572260295764,-0.5122046588393347
201,0.19336704965307458,-0.49436710508816195,-0.6738115488854919,-0.24754970230039347
202,0.11185644250889701,0.11014071476929002,0.4868366188437467,-0.7622395765908108
203,-0.2329992202130889,0.12142376797994633,-0.1562228321081226,-0.5670694000873469
204,0.601308149972608,-0.13959284342843606,-0.8343060601789551,0.5901585718196795
205,0.4850767980696883,-0.7095522898189546,0.6642731459865152,-0.680673189380612
206,1.4221303742048346,0.3898768458909395,-0.6577095464512057,-0.015924144042972016
207,0.22204616789055126,-0.19733879579887442,-0.24560145654353724,-1.1300354914411286
208,-0.5851080894180405,-0.7038212942531982,-0.7810306007260923,-0.4636723822354127
209,0.08501082633038323,-0.22315337794394632,-0.17892138683867034,-0.10457057847565542
210,-0.08432171006671468,-0.7620359625679973,-0.7764128489589359,0.5311444798573909
211,-0.3025281419720815,-0.7812417027884022,-0.4092444247073853,-0.24874839011851835
212,1.2174235810883323,-0.1851902863271491,-0.5397290358459166,-0.2595841474460963
213,1.1533439155984577,0.05317694743833881,-0.3692127597795407,-0.8137639564972653
214,0.08433399340714978,-0.8123824279608612,-0.40929164584290634,0.049673425359161416
215,-0.8759115193919937,-0.8440075602055264,-0.545258824648543,-0.2868371455556936
216,0.8948231545786425,-0.28905940155962634,-0.6674701134584198,0.09670424774468589
217,-0.24265552032841448,-0.6646543313484949,-0.9072959268836902,-0.2196456486185218
218,0.18665677155540852,-0.8351377968124785,-0.3655593037549272,-0.2735608534769012
219,0.3757019600606608,-0.5129311854428867,-0.5937508781471146,0.19486171174944938
220,0.10129942633022249,-0.3745427939599511,-0.5883323839800969,-0.5082341275109106
221,-0.13468423232105764,-0.023588066438432614,0.17512907359877994,-0.8797343430226336
222,-0.07908858202602453,0.65869279054706,-0.4912662445379097,-0.0021097059750264102
223,0.14579697339118397,-0.0024422730815961413,-0.5128409431135208,-0.7536844553389533
224,0.44680041292688755,0.08537372138477081,-1.5069556841853577,-0.4278854346177332
225,-0.2285942749491428,-0.5465250993936001,-0.6370787660238381,-0.5363721825151597
226,0.859206320232121,-0.2691900835442911,0.3418060606923062,-0.28923825443273843
227,0.04084674562712942,0.04161822845419563,-0.8008376984113705,0.11537839008297418
228,0.16906819263212572,-0.6082864539954588,-0.6915654927280079,-0.34899970388830404
229,0.7018305203566264,-0.1210507009179376,0.2944752239739626,-0.42409461273960947
230,0.14811955335443577,-0.6328182417724618,-0.44536483036565633,-0.8637081410391355
231,0.3390283533754937,0.4241504566827343,0.08917983124703138,-0.1967166673634569
232,0.7141112354654668,-0.41720319285803,0.2044606923338511,-0.2591034340092718
233,0.8618917126154801,-0.13870690085304344,-0.106753584457632,-0.20909070473118638
234,1.8039448897808399,-0.09825385683639373,-0.4336659922646515,-0.7453333288493963
235,0.5849240720472044,-0.3252175629592602,-1.026626705843883,-0.172675501361914
236,0.3341880386464585,0.16012652953807785,0.030095893119149092,0.18270565482149986
237,0.48545108831210826,-1.0749530311180095,0.6532159281498973,-1.3863627990189609
238,-0.549605876500618,-0.6234342154836771,-0.16481748491849652,-0.1727530277483932
239,0.18018990084482311,0.00839292958310453,1.0611072530411503,-0.22707524028805517
240,0.3116864788770398,0.8437836463473439,-0.7735801274371215,0.06080254573534044
241,0.07459231801898608,0.33168590396920417,-0.3709138285309479,-0.13666583834554752
242,0.10855817819997049,0.6718654473506204,-0.5078761013801736,-0.6457702304892894
243,-0.10542718302029458,-0.18532749581890867,-0.09426123400806818,-0.45809810533683304
244,-0.5812791785146516,-0.04951423660329146,-0.7676694604224004,-0.5121798266181978
245,-0.16481516442964517,-0.6270867979402253,-0.4064970019582248,0.8127645112647962
246,0.447828332271237,0.07326848257848248,0.21459879874807652,-0.9351933849112914
247,-0.08311737110765743,-0.23726872240798913,-0.17382411680114865,-0.26913861687424445
248,-0.26834069130970223,-0.5519557518385572,-0.4320880525671512,-0.029514915149157606
249,0.64410365236786,-0.4018447155833337,-0.8674581822132132,0.7195902198680344
250,0.7322019617496968,-0.7191118293870595,-0.31579213149451413,-1.0893145244192346
251,0.12879639346616603,-0.36064961368791304,-0.08113913253891117,0.6750218324489683
252,1.035031969552017,0.13578144842241466,-0.8310079782086361,-0.3065939213060411
253,0.7686834718287607,0.4640327263162286,-0.40947924547348113,-0.27854264853643596
254,-0.15144250735474302,-0.3319729416431057,-0.11280705545062462,0.00944270858784127
255,0.4160594057203625,0.09786023822945453,0.4448582699845311,0.29202347679856805
256,-0.2152198313172678,-0.40398384493949124,0.2213980164995194,-0.0069261118825531265
257,0.44423261366038885,-0.36375060386471914,-1.2313819902299858,-0.38677193422152834
258,0.9122992190360988,-0.10512074022548779,0.2869022478049155,-0.3207307820672712
259,-0.06886986504899922,-0.023747275341784196,0.47550425872499874,-1.0311717244621859
260,-0.10646902241454814,-0.33366760951397656,-0.31416043756838885,0.6036126930484281
261,-0.03188419918076685,0.5738350924459861,-0.40056078005139534,-0.06248709464968996
262,0.6086014828814099,0.9106976480810208,-0.5776975906485649,-1.9876703629491086
263,0.4840287590482173,-0.1085178442304244,-0.5925075579578467,0.16423859738468405
264,0.5376553852783965,-0.40608937252651045,-0.919937528034835,-0.22415709840177134
265,0.49204959304605356,-0.528381053417261,-0.5760964934881571,-0.34667971817940757
266,0.5368146350548271,-0.16720711582761646,-0.7811438289935575,-0.29530712178233715
267,0.6085667225789784,-0.14337652578872773,-0.5714086128368434,-0.2550499088434646
268,0.26138619246343614,0.2502074356658869,-0.30664478989552857,0.17929042013273572
269,-0.29059856874444917,-0.04964214087605198,-0.6161933887863342,0.49357564644213714
270,-0.22535008616706736,-0.1259139552704865,0.29646785723044583,-0.5207549206013283
271,0.21558931165765094,-0.9300139163985551,-0.04714886999352294,-0.5032544931137698
272,-0.22350084987126845,-0.06849343585791157,-0.537471681230046,-0.37860480483162184
273,0.1387560200992806,-0.19933534463593158,-0.8159700586430294,-0.1525394034095607
274,0.3644520758495949,-0.9376202872030603,0.4418025635174883,-0.03274168214583195
275,0.48312877831853274,-0.9049465743749685,0.6487560939991699,-0.247886698134501
276,-0.21246437400523838,-0.7897615969314895,-0.45170204164332306,-0.16845469406270966
277,0.3631901494963301,-0.33057040551283,-0.7364381741118788,0.3093748915376153
278,-0.07654945846840266,-0.5265928828278151,-0.008098686916481773,-0.057336980941305155
279,0.6976408093886148,-0.8809748877293598,-1.0018395813787877,-0.5801093632131744
280,-0.1676318305618048,0.27618725345038,0.07861574697505125,0.7469848001028119
281,-0.10164782443942405,-0.1664450529955122,-0.4674719391904132,-0.5060181748863006
282,0.23532478371724902,-0.5665651361481804,-0.10321667029131378,-0.2688429995335261
283,0.10637633417650497,-0.2892223230289449,-0.11411502476462872,-0.006105291405920393
284,0.26459741431101863,-0.05864440367766466,-0.3060776322391216,0.05391925116305102
285,1.5359993791084503,-0.9619857904035976,-0.9911247903861642,0.21962843308327418
286,0.6250036506842613,-0.3577350394692382,-0.7221569893806647,0.005446166485072151
287,0.04282968055720604,-0.039516361743536677,-1.1352163049711579,0.9267225143425996
288,0.5173872210186499,-0.810387486180533,-1.0399918638250765,1.0670046558956479
289,0.05171363421027364,0.05374554692355696,0.007164705916782477,0.17750477512217905
290,0.841486974325278,0.11465781246300713,-0.2767082258848724,-0.9362110067647009
291,0.1146404868129528,-0.465080200623343,-0.7155548743139575,-0.848302034836784
292,0.3191312894763252,-0.21185009453627807,-0.2517595688247557,-0.4054674051570048
293,-0.34074784324085433,0.16590263519931084,0.07155693438814797,-0.699746190270917
294,0.6225796479976877,0.16409938438697444,-1.0358718281715482,-0.20838001062956402
295,0.41041455172697827,-0.8599487003881994,0.32638744956357607,-0.7148628991333884
296,0.103393367511394,-0.6776227457671286,0.07286305171894691,0.514556623803493
297,0.24743318029050856,0.1802439235994109,-0.8248138837791343,-0.5781519562431177
298,-0.20052099396948803,0.02421240543359085,-0.060537187963144806,-1.1826729334077513
299,0.6393902138577268,-0.4948992427450757,-1.1434346260236659,-0.7191780049545514
300,0.125972825583828,-0.3777209642009555,-0.1602330135158292,-0.4700912563953619
301,1.1064110970277943,-0.5559110037954729,0.37366580508612396,0.6724691067553416
302,1.0360819484614119,-0.5085683951177062,0.5647453398374895,-1.1522528134758212
303,1.355743531923634,-0.12129526702324432,0.16829846900866968,0.6108698380024745
304,0.395707574019505,-0.5762971745279363,-0.5795113753023737,0.25996387476233873
305,0.4670839422997142,-0.6084026148987223,0.05654570025136735,-0.5295314480291138
306,0.04608492153555155,0.4104980665393825,-0.35779019903169174,0.8310451882341067
307,0.020709819749922365,-0.44488736973302645,-0.6043581606656527,-0.8075767999349056
308,0.4689536459309067,-0.27944097219683073,-0.040171197666399455,-0.810108240691114
309,1.6310633029881825,0.08991246858958932,0.14008216842907206,0.6568334132234194
310,1.2486216206578722,-0.03127383291963992,-0.7336998455925452,-0.8351974081361688
311,0.6435834483717846,0.4470255561230435,1.169304493042906,0.5831692166342101
312,0.5185618794728275,-0.6115129355442732,-0.14731029036740273,-0.5797083872257238
313,0.788635760972671,-0.2964447219483163,-0.7060397419146116,-0.5101719211767595
314,1.0620951324771704,0.013914839519346384,-0.6902589145539136,-1.5368681733712846
315,0.5374099954842885,-0.7680242708814606,0.19064593160971738,-0.31327707882217304
316,0.1426513609882117,0.07567435096912226,0.013069349096785976,-0.8612148771478912
317,0.8552790207531891,-0.6136451213569774,-0.016723502346096125,-0.023926456463338824
318,0.11617143542028702,-1.3048956933237987,0.04192085970401102,-0.5399307744581036
319,-0.6637854015113345,-0.3856637726613656,-0.4473903737077758,-0.8632895923186156
320,0.19774375873564712,0.9943227427266911,-0.2036914647865784,-0.3927702854196037
321,0.16708747283376874,-0.284536586917635,0.9313807724891423,-0.09967078454670748
322,0.07970007141168481,0.26368892906801444,-0.4602588789805636,-0.5129764710719206
323,0.4946597012108529,-1.2348721990698859,-0.5086261935003,-0.09487580003338282
324,0.3992434236559661,-0.672942424983861,-0.2856225063817198,0.7741430533322772
325,0.4565037401717833,0.08388145425148383,0.20700800070313036,-0.5817459493382695
326,-0.13421655484829337,-1.2235088096873024,0.41592784198390814,-0.3263416915320195
327,0.2680694030303587,0.09680429756254408,-0.14948250575049793,-0.737173814198929
328,0.03325903192312607,-1.2296332926247306,-1.3962494789785005,-0.11774999350388639
329,1.1097084865522135,0.2898100825523713,0.024973032500089393,0.18906421357967879
330,-0.408786351766305,-0.590104835361325,-0.2842497776919425,0.19004000128727994
331,1.4721067643110257,0.5232577079028123,-0.7918139013771746,-0.9345345575845959
332,0.13560819349841716,-0.6169348255298968,-0.5182140052629953,-0.20672014553098889
333,-0.22810106127872615,0.20885401823354824,0.4479442057217408,0.05978974238105189
334,0.967219459315922,0.5298140522854097,-0.34308571495000634,-0.904029458232647
335,0.4211098831487122,-0.6347230549505315,-1.0742778280307859,-0.5755668207479849
336,0.5941573720827605,0.2782930250258213,-0.22788070432846005,-0.19634675912661398
337,1.243911379945289,0.16211028798900876,-1.4794840174065664,0.31358128348618197
338,0.8404297738517503,-0.4272355802963229,-0.30726808172153985,-0.6096574180326629
339,1.2329301810166802,-0.6167364773345269,-0.3121369817615159,-0.35954305994068536
340,0.31161727652227755,-0.3186615245405196,0.2303521888249931,0.11224115277915714
341,-0.4046616004863532,-0.37490396604222653,0.043793316963137346,-0.3127497420496512
342,-0.10196731159714034,0.3354389646782199,-0.319503519750553,0.08797932338466302
343,0.27685427073673907,0.4313204661579202,-0.45108047888433,-0.299484281201856
344,0.668553211752484,0.0770891102677698,-0.045557968466962945,0.6031138770902298
345,1.1299233592668378,-0.3915592551820799,-1.2314447250962688,0.2405872582464706
346,0.2982363100947112,-0.6484564907181731,-0.4410218018447193,-0.5020231729148898
347,-0.32642497475544513,-0.5134287906386424,-0.6613818989607553,-0.18764270083418025
348,-0.03890676968416806,-0.3819869595372649,0.010364398920837486,-0.15062454109125226
349,0.18203151606431503,0.04789808962864042,0.13982785616961335,-0.7643012319791086
350,-0.106860677804346,0.4530218984752119,0.4052331254467188,-0.8627891989241451
351,-0.048076830069333165,-0.7931334590591881,-0.39505119986558224,-0.8434809377231135
352,0.14436928036475352,-1.1749960060905416,-0.6037952589403306,-0.1506514845597294
353,0.015332388936416919,-0.32631727464173976,-0.3092158377337032,0.8211288278570749
354,0.9510072994652756,-0.8066479600220718,0.2527650499911842,-0.051997748163506774
355,0.4854856676307503,-0.40781395050667224,-0.4889533495529334,-0.12202506277154639
356,0.6545490588541739,0.15197770850107248,-0.5468175708993699,-0.6323881182673765
357,0.19424912947740836,-0.7121159517392609,-0.6501961066461025,-0.6723004557819325
358,0.7546518951141667,0.2322302644395943,-0.5768574018424351,-0.2721117074800503
359,1.2261392271911493,-1.1074022887662842,-0.3027532185118526,-0.8494915709300729
360,0.7272920905956042,-0.20882624335911146,-0.1729989917612951,-0.353342916081272
361,0.09316618669814614,-0.5898352361337407,-0.05542679158418412,-0.6615939734893533
362,0.47628341440381994,-1.0673879076504569,-0.8512968988191745,-0.8647204759483463
363,-0.08440267850378869,-0.29776807685028583,-0.021343492200599584,-0.2540185952525502
364,0.04590812601170713,0.06498064287032398,0.9149062021766927,0.2481208362957953
365,0.06099264043296432,-0.9783130024962906,-0.7902619737535357,-0.20955800200121044
366,0.009994294261084391,-0.15459280611673673,-0.2591954384426836,-1.0353783769299794
367,-0.0259479599189974,-1.0961977124268645,-0.7609710960101417,0.08714092802584883
368,0.699236966104164,0.47929779538663897,-0.4167234391263151,-0.35977362019885445
369,0.262987543084828,-0.38079397255164826,0.24708047468281158,-0.7862745358527536
370,-0.31958306494325,-0.22583631636095153,0.1838108174646338,-0.4320498765623103
371,0.8691394687744582,0.666115117221297,1.0144321013272142,-0.08635893658294697
372,0.15709124558022106,-0.5774455838798938,0.7307746015494385,-0.3332058262807984
373,1.0906203176615519,-0.22436951311770742,-0.06937193808082032,-0.45218267776082094
374,1.2937843816171517,-0.4442256814016776,-0.3230191278646263,0.45025951732682024
375,1.0461105256226944,-0.7878221759235633,-0.4139094323755516,-0.046412791835509726
376,0.6086053810482877,0.04122668139451166,-0.3142731304088468,-0.05328986240881256
377,0.3895563536999797,-0.9137419340737232,-0.23249422317562218,0.06869889294273263
378,0.9465227405779097,0.00795164960652453,0.31268621718944795,0.41755613970964556
379,1.5059657893316654,-0.41798848498860736,0.27942077995529147,0.4196101900333238
380,0.495396104906599,0.2168819470078617,-0.42483788108855225,-0.2951252400935098
381,-0.1853309529056622,-0.17584309691179714,0.668108094622307,0.20291863064643378
382,0.14272124218343538,-0.25692525136165956,-0.414039481047323,-0.40458338299180524
383,0.6808383516217664,-0.0786988388412426,0.23670082027970057,-0.29707221856532257
384,0.11197039516068422,-0.9980131596781056,-0.741598415021191,-1.4242942988446439
385,0.37481008908586255,-0.5449551359898043,0.016987806913019016,-0.3044790263878068
386,0.32613911786103483,-0.05390529287080423,-1.5983612747000953,-0.3169212413347344
387,1.3422540831749938,-0.40060250558889005,-0.6682227126464326,1.3008629538997853
388,0.30616673052416965,0.40418098079475506,-0.17079834485192555,0.14051380520234358
389,0.5685646893376657,0.050414298931411944,0.052465096266823885,-0.2700633214921475
390,-0.3718298863546429,-0.24848360049119045,-0.25242647804103857,0.13368216751698997
391,0.009090824208585202,-1.0879401264283783,-1.2460047569011734,0.06683374880926118
392,-0.330254683817848,-0.02131409372861412,0.504428871731285,-0.08831843225238062
393,0.2468886158199249,-0.5008947161188826,-0.36624107804882344,0.015635223562570272
394,-0.02669329666701481,-0.9619277910518252,-0.41787603324038414,0.5816012575058022
395,-0.3830560938968551,-0.027157997617075186,-0.17659798474654467,-0.576591622849405
396,0.5237566905241753,-0.17559453340367354,-0.5391149238764041,0.5672831140348005
397,-0.22181582138473693,-1.2828729594793657,-0.7782355149204105,-0.013520133813163526
398,1.0832974710709686,-0.7530872919800301,0.5522123775048193,0.6734643270841755
399,0.08303085871834248,0.6454386566522239,0.16927964944807272,-0.45742369138075006
400,0.07736241180377496,-0.0679292174989698,-1.1057053944965571,-0.13207642175274176
401,0.4012637432990507,-1.3948711157088007,-0.3394793510060261,-0.5126994038016615
402,-0.10586118556252821,-0.7793322212988077,-0.30293977631926416,-0.33536034993297215
403,1.1155743030623009,-0.378077237984486,-0.27421534821657123,0.3055890676983748
404,0.2850851913274399,0.5002140010040305,-0.9098535236163705,-0.03596388991455052
405,0.6222471024845055,-0.6258964919586808,0.4315731954622624,0.3522370316735669
406,-0.14617587930398618,-0.7276960266387072,-0.2616888707846199,-0.3965058630835772
407,0.6540727075280244,-0.667237921906239,0.17865412938577818,0.3994367111182907
408,-0.488564387249862,-0.4485101597491029,0.18368826655520337,-0.04854436683611507
409,0.5768116102445812,-0.2764392066170984,0.3896024966547727,-0.4587053769932234
410,0.3957889656107739,-0.08897076972808107,-0.5726788514963703,-0.47038333152558653
411,0.46508131735311625,0.05495887416313641,-1.034694361073505,0.4237027018833317
412,-0.007984371615566532,0.493306993765654,0.09865547207451703,0.06132371815934162
413,0.757571552516813,-0.2991186933338111,0.08505124490913041,-0.6730615287848407
414,0.6757443632790936,-0.4498617195772785,-0.11516427165103454,-0.3671828429576715
415,0.20460151748543323,-0.4056519413259161,-0.5609282149468218,-0.20296639473500633
416,0.1185813693979228,0.1443278978104355,0.05318717388739441,-0.42248969504318956
417,-0.14265351136431142,-0.8362663023628195,0.08597090707945942,0.25839979120167855
418,0.19140959935454505,0.16175184708001075,-0.7145018256159958,-0.6818188436085676
419,0.9468856283052873,-0.08839298531161685,0.11908467023117159,-0.13250038669513917
420,0.3842868292896304,0.2905596466582385,-1.0862114508924585,0.4494820293115068
421,1.0166672000851922,-0.6473393890342595,-0.10679865657681865,-1.0694115661842973
422,0.19256896030529244,0.12640990287852197,-0.007841346082841205,-0.6222612920660446
423,-0.5668997032199072,-0.2750393057423177,-0.10702696177898152,-1.1790577980457653
424,0.05598757199612708,-0.5398060128590952,0.5805314516887694,0.033850296379784844
425,-0.006852532438455017,-0.7392755522286071,0.9913936796415077,0.05063441629344312
426,0.34336857312004154,0.2064006707652483,-0.030553206676285555,-1.1084228334259456
427,0.7619393067479573,0.47093298467797984,-0.7097907116521138,0.29477514281703837
428,0.6678269183123415,0.18738059318352038,-0.6352491893104275,0.45626297253826864
429,0.14582729717251267,-0.04509853838797437,-0.6524331768266061,-0.49403085045682177
430,0.44494020572936904,-0.6137879441794978,-0.4419030351007925,-0.2600477065737866
431,-0.688118980743839,-0.15861338731725672,0.0194970373627959,0.11181311274922567
432,0.4079909041061956,-0.31061793480338207,-0.12907083540839182,0.14501786358493218
433,0.3820476941548188,0.3758828165329674,-0.7978374677066506,0.5573687930853516
434,-0.020577799237724348,-0.4829696203390208,0.23654250928450193,-0.11622158348265621
435,0.3024422029721169,-0.36048505231064665,0.1852526521584879,0.146081994193986
436,-0.27737623217209645,-0.6545201792907829,-0.05292872488663711,0.12968304438062228
437,0.6428270582159891,-0.26396514365582163,-0.6105987821077737,0.6203007851016481
438,0.2062495822883107,0.09399048501182308,0.45357756273476507,0.8206201023151033
439,0.7981082605468834,-0.334713624425253,-0.07094695168895895,-0.7286302043189279
440,0.6246565888182021,-0.6520818776433864,-0.23940650605841668,-0.19837831640653336
441,0.8891353526448407,0.5813361379011297,-1.5237455469591896,0.2774731278221686
442,0.4867383088038316,0.14668635461786242,-0.08057573445817778,-0.27583625865690375
443,0.28273685091179135,0.06411810574122753,-0.18285892463610054,-1.789628916747021
444,-0.13962113054007286,-0.9659860502687629,-0.5599093537779309,-0.5948607226601723
445,-0.6091007991007349,-0.5300019824414325,0.6796167703534692,-0.04259039517856167
446,-0.048830079061674636,0.28688170747036623,-0.3081779256316185,-0.6054651269739411
447,0.5206991826118919,-0.21305490233459937,0.02696799534750824,-0.375349453768884
448,1.1093675154119094,-0.452120619487667,-1.028442947512969,-0.7591453228582921
449,0.6958914422512446,-0.2561581748476102,-0.933623703108087,-0.5323739153114972
450,0.38269920339191144,-0.39020603572228396,-0.4660065916435386,-1.096931511273251
451,0.8866218266502812,0.8852659202784855,-0.5545537803052354,-0.2676591769654667
452,-0.3175707212477152,0.36736225904096176,1.043013265078683,-0.3193090885246048
453,-0.27007510775392457,-0.36337590002158776,-0.05252318189172547,-0.3199845222275286
454,0.4570461390391322,0.0741974536422483,-0.1680116179776639,-0.5577099351412727
455,-0.29450649506935805,0.13775562273368627,0.7156459627003653,-0.20166456718086648
456,0.507684645683343,-0.3425212004293138,-0.5677771071282931,-0.6683861873460537
457,0.33856615963250647,-0.9700393842305112,-0.07644694780299795,-0.40832706278184516
458,0.15703189275867283,-0.381467692633204,-0.7283297244907845,-0.8283355173833546
459,0.4433637483807229,-0.10805896449069344,-0.055303892447524455,-0.4693435168702097
460,-0.16853746765339161,0.013907066173746124,-0.536059670035177,0.042178046800913915
461,-0.4979919363903457,-0.8064015040101596,0.11584569589261329,-0.42312616999780606
462,0.5056727048442519,-0.024191408931379138,0.019145860139647586,0.37312815591978576
463,1.1351085065255064,0.4761570192394905,-0.22413150787653166,0.08833105573828481
464,-0.21767764963763675,-0.4357752569795006,-0.057065279884017855,-0.9138152033383115
465,0.7914771120990828,-0.7375039950072182,-1.2650279968166025,0.07439957582363982
466,-0.2636457809006309,0.8585871500566907,0.3107288332721769,-1.0238752373543063
467,0.37549001979633817,0.12216869662782912,-0.11340151562702366,1.0220494023519322
468,0.13727588895666173,0.26545072054123464,0.0486464508759363,-0.5971015796411551
469,-0.1143805708406187,-0.04865407949669476,-0.09622322005133323,-0.7359827018003872
470,0.11081141599021757,0.040678731277777797,-0.6727549541146941,-0.6396489929499916
471,0.7765189724404562,-1.0410146596225718,0.18273549085647667,-0.03605210512327142
472,0.5989274978279062,0.2899437192986699,0.11181208254944047,0.22671853794059693
473,-0.3156915852030456,-0.9617805071996754,-0.9805061890503521,-0.052688303448559626
474,0.3652466376932856,-0.21716369126417687,0.5664274738723809,-0.359089706668956
475,0.4296938209812824,0.3042211792072348,0.4303099086510647,-0.15943829578751736
476,0.3333086406947976,0.3837213216256852,-0.10061071020513991,-1.0290812944966086
477,0.723426154297079,0.052764325849671306,-0.016352468964466682,-0.9968679641613103
478,0.04885340571198393,-0.6648677906500476,-0.5733100361532709,-0.23007230978118584
479,0.4534219336735058,-0.1715222504013211,-0.8411842861996786,-0.15641830132726847
480,0.5137690944133494,-0.24046223173974693,-0.019049763008501502,0.02312817930518732
481,0.5796065402196005,-0.1542131628647238,0.5941544120156865,-0.2846218504371303
482,0.45428274227859244,-0.14905690018342715,1.137716455918312,-0.11766231660575326
483,0.9829129770600813,-0.35250966184877475,-0.00030665615799324586,-0.08439845336561028
484,0.6129550811264386,-1.1297407299805053,0.23982067413025798,0.8171415195432129
485,1.1669853520022133,0.034017651877145366,-0.6438601344795354,-0.15624602454202124
486,0.6890116811084673,-0.3098824348494925,-0.7521188453104766,-0.3309329120687713
487,1.221432858267497,-1.3252284970402854,0.1303535634134051,-0.42370411250745393
488,1.0285927060542133,-0.13287294670721328,-0.21396568825280182,0.4939189702186846
489,0.9604169303595345,-0.07814044615520313,1.2049636727981516,0.02290003990229658
490,0.7046807040254348,-0.1864439992291173,-0.12078713025364356,0.17113340867902643
491,0.4305763816823035,-0.6281866381665268,-0.09787450255772685,0.4659004466671697
492,0.24753627410539672,0.07898293915092144,-1.3364968505685104,0.05460383639750005
493,-0.060304553490460655,-0.2232190383485854,0.05911430916562821,0.00044811562165164576
494,0.3767432193149363,-0.02799112157587641,-0.2182013632898177,-0.13635155968424106
495,0.23886503123213937,-0.9963045382207918,-0.2511818121988105,-0.7206151720852874
496,0.4066113422544397,-0.4764080644609406,-0.2766892844311813,-0.46680446109311186
497,-0.43173696574789727,0.012049264170425872,-0.1560374750255261,-0.24464407114770612
498,0.43254014584702954,-0.05133789383283696,0.15194444844094274,0.7453398720292312
499,0.5714822948767627,-0.30435646917140896,0.45282814798208365,0.9266107858076199
500,-0.5902977138937187,0.48075060735505504,-1.0763376371956088,-1.575824429533295
501,-0.08316087993099286,-0.6358588065128113,1.3999490299216313,0.37420496504984824
502,0.3175779731963265,-0.17141121268427834,-1.1312592128151215,0.016261623684223625
503,1.2773636620358908,-0.06349172293797778,-0.07136688587968792,0.3966497451969633
504,0.7583463387943091,-0.27978304126446646,-0.01690591435332156,0.4521521997304063
505,0.9703979359110058,-0.34732787167254414,-0.5931886558452848,-0.5450267897617449
506,0.19230507895075621,0.5787652790147593,-0.48047536706013777,-0.05661289711353601
507,-0.4163669845617775,-0.08247650278071395,-0.2253986188569929,0.578694376471853
508,0.20686858445554118,-1.0781137356087271,-0.03690927647360018,-0.13294962042254582
509,0.8040048470540931,0.34664406298001005,0.14007964456767757,-0.23170874158818308
510,-0.1140412682087506,-0.04039469744761742,0.405401858932033,-0.16061618521175364
511,0.4743660060955177,-0.18940752408104156,-0.050871728432242386,-0.3793713893125979
512,-0.5229347034942731,0.1326451509330546,-0.6846953166225338,0.5556776338941332
513,0.3666967050405553,0.1649163800168246,-0.35405797548152995,-0.10219650064030629
514,0.8938624661664476,0.33276641257217776,-0.22970128457011993,-0.24198866970458763
515,0.019217955043904944,-1.1131992523759908,-0.51234382258152,-0.6531086584987001
516,0.6476950988055231,-0.1665453594869905,-1.4774510800376985,-0.3439519143686861
517,0.9741166441244034,0.6893916814785367,-0.2738304626538038,-0.5790678222618191
518,0.18764130399260523,-0.5896224018160192,-0.28833441044038416,-0.2444360421501168
519,-0.34036902594808965,0.07992577145383742,-0.22718173951636786,-1.256081713257307
520,0.20860408489683935,-0.599717683865693,-0.27581551772159274,-0.15622289302939216
521,1.2339737143263256,-0.5582729494908031,-0.2787443938794883,-0.7237856238857208
522,-0.35981013960725255,-0.16005903250705267,0.07623647704360748,-0.13590020876995534
523,0.42110445236237487,0.3290781927163251,0.26897903993127015,0.6008876442337686
524,-0.42349284086642075,-0.48750637144703773,-0.3197632897516165,-0.859594356227753
525,0.3130750520016677,0.3899728282058815,-1.540213486831604,-0.9427025889044932
526,0.5328731201104111,-0.36606205942775677,-0.7932616602555556,0.8465867039190939
527,0.10423142749822378,0.03728219923568396,-0.47992583253725185,-0.5547828129209063
528,0.015572956092286983,-0.039812220811018845,-0.0033291434235229456,0.9796864879927681
529,0.3310047148108582,-1.102254512221734,0.1715293710703309,-0.38293144278429625
530,0.622256497262099,-0.12985173716803916,-0.6411520476905026,0.8133310492510849
531,0.4883922934881269,-0.3222150329831834,0.14310705042275412,0.6129628051039058
532,0.41181324203964087,-0.030870136139366705,-0.5204408808963632,0.8001274411318235
533,0.4505913457571066,-1.3352799532946504,-0.19337039869126807,-0.5003974223217879
534,-0.018782109414785197,0.24566177256170105,0.38809325418139623,0.16630294414667274
535,0.4545714555248872,-0.5601661768234262,-0.186270982690639,-0.546943908452783
536,0.2684787555039748,0.6697065856232581,-0.4281249715245349,-0.43321399565926666
537,0.37685254010045294,-0.8315590790707349,-0.03725659368508194,-0.09296012961070424
538,-0.4624433852725099,-0.8420031381333603,-0.1891203517583817,-0.2378870559102622
539,1.284969003328527,-0.6045355924589682,0.06744253459526173,-0.015317710647247074
540,0.44266334266925755,-0.23421024197317497,-0.7502930524963873,-0.44123152523853837
541,0.3924746465693073,-1.112400522677999,-0.05431429938531815,-0.12601615190365173
542,1.230579645453714,-0.0939891644131399,0.14671194296378748,-0.5636047993787944
543,0.22195697061090236,-0.6311859006369653,-0.41642094554966835,-0.8891738019262964
544,-0.4213123405856683,-0.29787704571136897,-0.3154302078220433,-0.3257694999531266
545,0.25446705427057753,-0.4523886649650162,0.008330509898820532,-1.175152770293149
546,0.5423451366724563,-0.2188168561198302,-0.16544137291752675,-0.9757768277153496
547,0.350540393367352,0.29525184302439345,-0.24175081153384193,-0.24385601357497358
548,1.0162272859371437,-0.06270383908455707,-1.1439064621707251,0.11906525532965706
549,-0.1630622492789503,0.11350890756875301,-0.362163448653473,-0.6942047111162111
550,0.5352178402679693,-0.19694415530671952,0.8387441264808757,-0.4142038215553893
551,0.6937401622281327,0.10097726955553762,0.04105235541148483,0.9422073964703924
552,-0.017257424475809635,-0.6456167301002236,-0.14313751461518756,-0.7027724716271951
553,-0.14631170097176827,-0.8384080833198283,-0.7112236603341093,-1.2851793383441161
554,0.5933086655675333,-0.7622431239788583,-0.34655364290285706,-1.2077112792438625
555,-0.3991571005610273,-0.3166495140329143,0.4625491592364485,-0.771463299681159
556,0.3550422773275054,0.019549528976946146,0.29587882157992185,-0.381975837182272
557,0.16873694318443727,0.2722371787901561,-0.8256426791202518,-0.7421082510176253
558,0.0879608548504788,-0.6359118624660559,-0.3508573509484496,-0.14792603710660468
559,0.47046860006507035,-0.616722120814524,-0.2651757180968814,0.26609751660958453
560,-0.7113484892433564,-0.5308756335127118,-0.20399470334815709,-0.5663444376002938
561,1.1479755100800524,-0.30646649392056935,-0.24008693641098436,-0.39377828425532635
562,-0.5297557860904827,-0.2993454119595646,-0.374241407664783,-0.529228317286257
563,-0.3460979938470811,-0.900714981987639,-0.34396495446079545,-0.43899411970368146
564,0.7213613401631682,-0.9945221141672885,-0.3143725043839173,-0.8635938199037133
565,-0.12685230372676848,-0.0612844195296712,0.5662730806030276,-0.02396313932674765
566,-0.4146852980608395,0.08871872523467042,-0.09652761889270012,-0.4520519725178352
567,0.7752160018474153,0.08402927449669609,-0.8015298142033505,-0.06499718274368285
568,-0.3175196963813844,-0.5485176957915324,-0.31347925553572226,-0.03832831004856671
569,1.2777163570485368,-0.07604463310665763,0.7354616769724962,-0.485701962498694
570,0.04943778069495769,-0.4696443817258189,-0.6667984498766903,-0.5186859957883576
571,-0.00045435112937919353,-0.14915038835200817,0.7604589897488376,0.505235753876166
572,-0.658408026968766,0.3538007325262187,-0.5784374710036135,-0.2458318178663634
573,-0.23669801647891014,-0.757390567434877,-0.6411429788453455,-0.6184671843951495
574,0.3149632069985759,-0.027869997241189465,0.5211844218361261,-0.2020505962749621
575,1.0313488603802128,-1.0979069830239607,-0.8443828947491514,-0.5367369488323357
576,-0.33300373593889726,-0.47256063605126675,-0.013579192637145243,-0.16765084533107918
577,-0.0799399909231085,-0.45143291168017696,0.6894547877606567,0.1515985519279167
578,1.398442671687374,-0.7907417822977194,-0.9146043348571082,0.932936290222031
579,0.3595590646045371,0.4283517908064388,-0.016500788543610312,-0.4223655564387463
580,0.33962785427276326,0.12107813930546604,0.1941209969009957,-0.2866202641282095
581,0.5686533687618122,-0.5510436862363476,-1.340755147252796,-0.47759692813688653
582,0.24531665778128234,0.25178266977421715,-0.3669745549730881,-0.5048781592132032
583,0.4223079729886354,-1.4992731052620623,-1.0465260328226431,-0.5954949859417189
584,0.24268253466352585,0.25523982337831064,-0.37094532712697614,0.31844099126196757
585,0.15769227100098585,0.10402747182988883,-0.7431339998314461,0.3814733501421973
586,-0.46564082013127545,-0.3390577796027434,0.8606654508658946,-0.11401410671845902
587,-0.23579593004421057,-0.4697759938450002,-0.48765588231439233,0.47229179727590664
588,0.15297522352385048,-0.9684490336159989,-0.34679972589436847,-0.7005958775353744
589,0.26335395274424295,-0.9719134910522568,-0.9007474861853491,0.9491670372125859
590,0.862945929577076,0.08628347842868991,0.05275217486864742,-0.3742616755752954
591,0.26371667728968573,0.37993169737744015,0.14264523391758382,-0.24329146488033393
592,0.21856112851410964,-0.36369543055887216,0.1762694726044301,-0.05992501203052408
593,0.12197611194621666,0.08011086132400982,-0.3485580379657038,0.6270775733001468
594,0.22963858984096494,-0.2624435454049729,-0.31620002124381597,-0.1441607172360829
595,1.2260652762961266,-0.6778691162824223,-0.022580904352141135,0.1681742613422061
596,1.3970047204779499,-0.6950761616973007,0.1415169901014962,-0.5353670251115126
597,-0.05777157768227953,0.2347891780470268,0.22268388275864187,-0.7857694611776961
598,1.346162814143572,-0.6112435248965008,0.005472127826494255,-0.5371064737225096
599,1.0160349703994898,-1.0631972735964457,-0.02550507832505519,-0.17108529844827708
600,0.8201223529874676,0.05814386418142939,-0.8230558829506593,-0.46948056799279814
601,-0.5354028237633062,-0.858021495437299,-0.17769651043496412,-0.13942168016940082
602,-0.2792387860320485,0.2203073599195228,-1.1088533607535154,0.475238616013715
603,1.5125173609394096,1.0789074330917514,-0.26359818357709086,-1.6360341453322156
604,1.061666539744212,0.011226201332328406,0.21029816811390667,-0.01122463172390234
605,0.07886933415781733,-0.11469953493369378,-1.0534891526323122,-0.3495347610235371
606,0.42697596802760857,-0.20835358159980166,1.1623860698269102,0.5982624854488983
607,0.5426530287434524,0.10211754630028677,-0.42615327683116533,-0.26120224537743103
608,0.46412138304393613,-1.1477561015215583,-0.3337359830780231,0.3423399814285907
609,1.2972006625915669,-0.7169142226569619,-0.843667431655521,-0.896698671772162
610,0.4492547201310617,-0.2106773785926418,-0.673166446862397,-0.14821701335091977
611,0.10687106434291496,-0.18926271411628726,0.6837322654150724,0.4267579107114967
612,0.13476193566967704,-0.31834596433299855,0.35856493321565847,-0.28745869128894774
613,0.023442975072637817,-0.28017766839819613,0.7474215816357392,-0.9730071234950083
614,0.7205145793539807,-0.49577350246036167,0.3856293353508627,-0.32239826512727016
615,0.7057684496951464,0.408108969577081,0.07959565707349076,-0.5672822800972435
616,0.9522253940761349,0.6784856328652273,-0.30870648761530595,0.6548167204139346
617,0.3531738848412468,-0.027927979899704414,0.26816121052831066,-0.014284833648515294
618,0.8791969400103601,-1.185094433363368,-0.6088387201052861,-0.5734608856408239
619,0.8145964521569848,-0.6115310204557377,-0.060771689990083144,-0.6922575469975942
620,0.0188378253047648,-0.42141589550354974,-0.33022359635530385,0.26781661077200863
621,-0.2692360930396602,-1.0142772875255917,0.23892748486015875,-0.24933330673743367
622,0.32597580515062013,0.8352572387081575,0.9741840332551572,-0.09040583775820134
623,-0.1767270497880113,-0.5443712192737126,-0.6230760356421006,0.2008313099784863
624,1.3750952212432588,-0.9768845590457839,-0.5347291811229331,0.4554427290066524
625,0.312589280520265,0.4233176123537532,0.7605727718611888,0.6535019505435462
626,0.8413663164782996,-0.42819968975606,-0.0723869110251052,-0.020358756703806075
627,0.35458992302028153,0.15661832592038002,0.11435149992101123,0.727397305361301
628,-0.13665319074494275,-0.6043177021430054,-0.6077517289186454,-0.17696010216959987
629,-0.45372786715753105,-1.0370663491818517,0.22704895077278114,-0.5152700775195803
630,0.7973495549287237,-0.43012936674631475,0.3836610172858083,-0.21952197414634733
631,0.3906586806422909,-0.7171757618584902,-1.015439883919429,-0.531112829876361
632,0.056066773638676126,-0.1984779607443767,-0.9828252088893741,-0.700766478902144
633,0.7699757426090627,-0.3822457334419432,-0.13723187357119693,0.5537179986153431
634,-0.0831187062290838,-0.1420689118368933,-0.030061709933427605,0.10595524547925661
635,0.4592500078820708,-0.18321864529306597,0.7386179803461863,0.9774550129846452
636,0.17169788378477863,-1.1839390742446363,0.3449246297318465,-1.4373354119937964
637,-0.35800310484676284,-0.632536715952542,0.6946148004628805,-0.6745899373973355
638,1.0196445358521227,-0.7271094460361087,-0.27189113076179755,-0.20706202624173536
639,-0.41345898817484245,-0.5119442706284352,-0.30355786037353694,0.8004908964014265
640,0.40658732129718783,-0.10921312886765536,0.1184956441855255,-0.25077672152652974
641,0.985701230523407,-0.5748181394050165,-0.48092450013368865,0.2479798591676804
642,0.9990616689227356,-0.08699919557003882,-0.2552980594423992,-0.584840026778344
643,0.6807312462736268,-1.1315849793889967,-0.6742975554841264,-1.3062452755018756
644,0.4892943197899735,0.1880294685839696,-0.17055486535429623,-0.5304218705366041
645,0.2575078469533124,-0.4684178572528966,0.419185519180801,-0.4777502237373303
646,0.6071641390031948,0.5171861569527394,-1.1984772147156324,-0.8903343249883582
647,0.06729927932955454,-0.6068253537877735,0.5603887473276625,-0.12127852628897126
648,0.15686510416493288,-0.30876941828781684,0.5891774690340699,-0.39046935647351877
649,0.15837813981158844,-0.856104622205308,0.3664606205998923,-0.22891058239588097
650,-0.07287213272097426,0.2875006912247623,0.09883513007261663,-0.17661576184448288
651,0.00022838374034483966,-0.6697267776280319,0.0030607887318135074,0.11073736671994938
652,0.291150326178973,-0.4446289188711219,-0.23415639654989712,-0.5898445603324904
653,1.2590673985881065,-0.17539679412789708,0.6376893929878968,-0.6038648693469438
654,0.4838059679425895,-0.3172660323352132,0.2193711283862088,-0.8055663230239295
655,0.43246466702138736,0.24482757402547653,0.20887723817116666,-0.21101066623996453
656,0.1983757602671276,-0.9513670000929892,0.14893854026521153,-1.129963048524957
657,-0.32927674999073936,-0.3440249508459529,0.0536558286999817,-0.15345537839071066
658,0.447529392853947,0.09607197075711552,0.15315625304394664,-1.0402192920422781
659,0.13209482403955136,0.437367482387359,-0.43189331239257817,-0.09059502572122853
660,0.6835104003075347,-1.4147468866770214,0.29193214964502,-0.32146675864264856
661,0.3897110882039604,-0.16349439605235339,-0.6549666360053079,0.12411867815111483
662,0.25087634009203147,0.4972478633263836,0.06654190496388424,-0.25184378282906955
663,1.388594111682265,-1.0022167313258605,-0.393389644881696,-0.8904254464501845
664,-0.01790627525347882,-0.9205022341066906,0.21417966195970545,-0.5807557742648614
665,0.6057453420352883,-0.2288914180812813,0.43437317402514714,-0.9471385565257017
666,0.7858662290689438,-0.6536612567764264,-0.36069003673919686,-0.4362104834193208
667,-0.20239374085415768,-0.32927356087207715,0.768169537655558,-0.33630152976144406
668,0.8264967035589046,0.467673552469524,0.14250423207863822,-0.4292056318540405
669,0.37980264992859,-0.19186515500760076,0.09644199170816925,0.432203388436354
670,0.2769712278799209,-0.33732961474866296,-0.3424898844467542,-0.8997081127909193
671,0.26272051954339865,-0.21144716382139195,0.2946814367723013,-0.31036003787179933
672,0.5278225198226881,0.23020463139416522,0.1939144746951429,0.10914964337981475
673,0.31288975601604385,-0.6295338101011385,0.5392652899453918,0.15997714299690174
674,0.2527064392378577,-0.047651939018129724,0.6094284158459906,0.09901538046537511
675,0.47950180023888406,0.43586087338511037,0.35822820791604143,0.08514635197450188
676,0.7189330842525943,0.14185139294433527,-0.39398187687961483,0.2056857194601286
677,0.5382580153255194,0.0193061223735784,0.21784465770343647,0.26388319562572193
678,0.018048345135680266,-1.2226591566671146,-0.8613862649533566,-0.09677120591344818
679,-0.0066957448495455485,-0.2160858965422147,0.3098381934881404,-0.4478270494056948
680,1.1463128437136638,-0.772133553669624,-0.23440058416631104,-0.2254399729953457
681,0.8057215030930999,0.01049663532926412,-1.0656319680499995,-0.42218751592350984
682,0.20998504446967245,-0.45772494662970764,-0.12075446760010843,-0.16177619454871517
683,0.33615395104548473,-0.3546397030483447,-1.0331490107524077,-0.5260070420204184
684,0.3654087154393503,-0.8437913490068932,-0.6838615795968348,-0.2382748101569008
685,0.7026089544299603,0.5389969055319332,1.1094270399737767,0.43944234409677485
686,0.15961675509180218,-1.0155172973418343,-0.9855039731790349,-0.024398853941718507
687,0.7930440221224848,0.11786869255043689,-0.8897902254767132,0.5091661748923764
688,0.08179199946868076,-0.879000855919541,0.2839781663012113,-0.3949787821206227
689,-0.271378621942351,0.11621498540498751,0.04221711185868243,-0.8176568538982854
690,0.03129509997016383,-0.3279719835817137,0.008309568353293773,-0.7603102123771303
691,0.10823283433166017,-0.5162544439785047,-0.7443958530919725,-0.3844278873583421
692,-0.5509081548378296,-0.3106779590076416,0.4420888503111689,-0.3256533856528352
693,0.013409199186935339,-0.40392154933687296,-0.35384758377899694,0.6203495675955837
694,0.16081827490649692,-0.16556847039613268,-0.6781331870493075,-0.2954811616251393
695,0.9016909893105411,-0.05422773111346671,-0.28023578493678325,-0.43997401634967936
696,0.8537857105677731,-0.8287296765178416,-0.605099699272674,-0.3316363103510451
697,0.47669360954571816,-0.1607310140321691,-0.421089105245505,0.05334813144980888
698,0.5805840749609859,-0.6335518412203348,-0.4537903175837666,0.9636901871018825
699,0.1725274962532219,0.07870464267652402,-0.131598205697324,-0.5183169469384903
700,0.0542070308261946,0.17160573952758526,0.015402598595878475,-0.39468917763385014
701,0.6652219304351754,0.014656133905898955,0.19158351568712678,0.29329972937337695
702,-0.3627208260330718,0.16372946983294936,0.18179238198337183,-0.06967602395190783
703,-0.35284365976207094,-0.6069591396173869,0.03459353673585264,-1.2714264002337874
704,0.2639699498605053,-0.184289826300857,-0.20500809913010537,0.0832422896075043
705,-0.6173440072407643,0.3875220213594619,-0.06526057482325662,0.23161029493751234
706,1.2952463680046,0.5074086219385644,-0.746058474872779,-0.3850047181125116
707,0.31326183963679644,0.5612048867637336,0.5636730415894804,-0.12401470617016717
708,0.5671517801400469,-0.11055819205286485,-0.5545300866526615,-0.14649660055523697
709,1.4521566402936232,-0.39541430529317245,-0.24203254796916615,0.0864308553748408
710,1.0666747327469335,-0.4017075180149874,-0.7056749399673559,-0.44345486181288307
711,0.3957703111033548,0.13791005329309994,-0.930857210731459,-0.48569442939969937
712,-0.7362121933959935,-0.575764818932744,-0.2600756733192865,-0.20868423719806875
713,-0.6753713247908042,0.10631734561532877,0.03516948167116968,1.2263426402342428
714,0.6355120315795495,-0.8688458595349438,-0.5469292050341606,0.11175189372773997
715,0.0466069117671124,-0.03272338455581697,-0.3530666775369963,-0.09926208029888739
716,-0.8686591326262529,-0.3987496353826221,-0.4862996343329373,-0.028945112384404004
717,0.11250625304771839,0.27183338199392804,0.3081780095623356,-0.534211247964798
718,0.4395778006602518,-0.3067493518770881,-0.5866354757541303,-0.39086163935742924
719,0.31498316378509145,-0.19480750678359934,-0.20796146557793888,-0.36860269094157505
720,0.03695046876668112,-0.45063101769096137,-1.330418784407506,-0.5778159698239054
721,1.6995535286311412,-0.2756553161513404,-0.11425442088029425,-1.4109892550443925
722,0.6225249835783232,-0.8521917263146827,0.10176272294729066,-0.09563706000382019
723,0.6321768408927794,-0.24987479366670937,-0.72493826354291,0.1930498766120355
724,0.9426157999637523,-0.8688711722876407,-1.270194230870479,-0.2462957247400838
725,1.0159837714223992,1.0531909895279201,-0.706019779667032,-0.3576253165771086
726,0.292017633339712,0.1844229774038552,-0.7421432696369161,0.04600222210787805
727,0.07204089541762176,-0.23055375063962957,-0.41523205888350867,-0.08007320489104335
728,0.9265617195301232,-0.170962248109428,-0.5020813415719452,-0.584930084501728
729,0.3505236196261476,-0.6661597575114835,-0.2777874016681726,-0.8004243468095918
730,0.7225350743719758,-0.15095646956018977,-0.45651526476243864,-0.44399816751569976
731,0.8161306819039392,0.2342455810180916,0.5706044459067512,-1.3785886944137857
732,0.20918718289458144,-0.326940300366222,-0.5610716103658806,-0.3255257410783343
733,1.2542800516201045,0.5834095121261366,0.48749293586516546,0.38825614793838126
734,-0.6521214810886409,0.5668553344094553,-0.7314179958057094,0.34785183738828174
735,-0.46588936373754847,-0.42887146006571947,-0.11451048197043745,-0.0553235973884979
736,0.5861237533140844,-1.1897507121495898,-0.1647937215767265,-0.7599334571672443
737,0.48143152955886914,-0.2914003340334182,-0.5714184156375532,-0.380764146214301
738,-0.1804881111338585,-0.03680427646265602,-0.6046806722188982,-0.41635118866164356
739,0.2918240299550509,-0.431433355648594,0.4674428109594731,-0.09043908924928189
740,-0.6061073297349227,-0.8472204342118758,-0.18920344185855473,-0.32181161740146
741,0.48675981377619537,0.41500781918578433,-0.6055199761614765,0.4348168107538489
742,-0.33729260833156743,0.07032695511308332,-0.4557599562253538,-0.5931654898341523
743,-0.32743921487246336,-0.6029454270065849,-0.8791366215949179,0.5516491925159626
744,-0.5899988070953406,-1.0635823693864772,-0.8045734483881439,-1.2733204128758153
745,-1.0035699467679025,0.7645618104381328,-0.1536486025496205,-0.24329479893114336
746,-0.16840055365227508,-0.08191290714630978,-0.038687759605401606,-0.6907926720005565
747,-0.4228587105930723,0.07517163163207066,-0.07730438675552083,0.30110489822105313
748,-0.520518683769001,-0.9376147356235273,-0.8685724920934252,0.046372766045576996
749,-0.22193300735934135,0.4510177390639548,0.6684502679823754,-0.5998392647121191
750,-0.40101613281431997,0.24992928388028732,-0.8362947867812103,-0.395600049755489
751,0.5755098915848026,0.5571429525126098,-0.4770879455330623,-0.38177055885216005
752,0.14663698997980504,0.4364807502923299,-0.8031112649273069,-0.013214316958668454
753,0.2826448475822505,-0.26127189523714955,-0.28021309382064885,0.4368298796773038
754,-0.07668971873941982,-0.0021169240363730357,-0.2942760698785353,-0.12864034720550732
755,-0.42691297235860953,-0.8748124511339286,-0.4914012776179795,0.1811455090618641
756,0.6085846253830465,-0.2094593010808384,0.849697044931359,0.5828882513933896
757,0.9760773622449934,-0.14613107719923735,0.07158419141192907,-1.0259851332847951
758,0.21479232661858183,-0.5950223721714705,-0.11036325697434686,-0.9892341138864282
759,1.020407868820037,0.6394544287802961,0.0540577810161223,-0.33161519679915863
760,0.4948284043834269,-0.9233365707468815,0.00944191962657237,-0.4275431710027152
761,0.2176469177848207,-0.5926821067831238,-0.8373240551039627,-0.06628930025807636
762,-0.11325082819314347,-0.07677494339753704,0.3389529685125096,0.3250644799911929
763,-0.921290333361136,-0.2890890946293192,-0.9395243912121234,-1.5024890020321586
764,0.5138966715012019,-0.9786889928716861,-0.6395217351958898,-0.8144412686524626
765,0.49319687772924936,-0.8204930113199952,-0.14014201091622389,-0.3578821364986101
766,0.27855177776993456,0.4685720740157634,-0.41117944298251097,0.18694532642542244
767,0.49345758655004307,-1.0235033784575782,-0.6387571089979838,0.7201246717183498
768,0.20251876079013278,-0.5402579962750785,-0.7148090780565557,0.6108700101202016
769,0.9767079267217507,-0.40628100024247477,-0.49889743286036004,-1.2784997129224034
770,0.5111667241564319,-0.3801339315462962,0.20335168719344898,-1.3340873983751833
771,-0.5086579284672823,0.13263568098892112,0.42060558569498346,0.2627164288782087
772,1.1957167301417533,0.41846655347412187,-0.8386067435021662,-0.09690546971142176
773,-0.2907728721180923,0.23454834474600658,0.7080487134633513,-0.5249509008544634
774,0.6391520868415295,0.6501432759934587,-0.5920331413346456,-0.9565204652369851
775,0.025690320921347265,-0.13049886412469205,-0.03687731974789657,-1.3436522761094665
776,-0.09310336922690154,-0.00588190494677418,0.19746504431058665,0.2665962385528794
777,0.6959622359662287,0.1919270027674219,-0.21609514140076813,-0.20481068362904745
778,1.172990385485943,-0.19500096048148316,-1.2413307080527691,0.6470892710858578
779,1.0884554847530554,-0.930166199210203,-0.2023178739978237,-0.010312018719068589
780,-0.23216065870077546,-0.2678435206667248,0.25555614713245134,-0.27741289999885455
781,0.06868026894618412,-0.3878589274206249,-0.5234120932952133,0.9712995000279282
782,-0.15045451562853546,-0.2736194586771146,-0.03675903441925135,-0.2740378656471601
783,0.3965845434201558,-0.623974118635674,-0.12547540884548555,-0.6030329434731959
784,1.481109717666844,0.35477609741672433,0.9185817988223788,0.4907910263278482
785,-0.21808785770001599,-0.5471407714425066,-0.7175748109527404,-0.07948997971292349
786,1.0366376717157486,-0.08328764713934611,-0.39378092299242495,0.3404550906074263
787,-0.19101673230876454,0.22712514717473445,0.098662556903027,-0.3202384752970058
788,0.13548084810285682,-1.5267253669098277,-0.43922763341192145,-0.491995071368133
789,1.1070936577893369,0.47772511284545083,0.19050055667260934,-0.22627185751707185
790,0.10842077101772105,-0.47059789345253117,-0.6339506126010381,-0.10180523609436577
791,-0.5995345087853012,-0.8899111943601669,-0.16614164288433092,-1.1848483673692205
792,0.41452693015845343,-0.33727624711693416,0.2689554199100548,-0.14418750251296247
793,0.0558227359162341,-1.217319896585992,-1.0700489846481538,-0.25135271517326474
794,0.2237263807903824,-1.3002045382953302,-0.06903949000953843,0.02181662925854949
795,1.8423123692754517,0.8688739274160299,-0.4541096096750448,-0.5459510190732495
796,0.2693914317229951,-0.41396047017925386,0.4616466485431781,0.14847799171437698
797,0.7699914843664607,-0.24558871432939566,0.04428831044890258,-0.18596250138706802
798,-0.06860893280220381,0.058410716262035506,0.6331121652237486,0.1858928500064127
799,0.7945942415401123,-0.056653351790218104,-0.5585419766365344,-0.48379328805414257
800,0.4430299310929782,0.23908676071908638,-0.3692452958059166,-0.25809205965293197
801,0.8919335379293285,-0.28606038689369,-0.05106583642331469,-0.9562454739671647
802,0.841603225674147,-0.505312989668097,-1.1473304075124735,-0.3946683219325692
803,0.6669908891935581,-0.36877938021225715,-0.6304867750072447,-0.5901340020586656
804,0.022094925842621294,0.25093466633439243,-0.07023930477209372,-0.45107552771200976
805,0.15475301068404698,0.04432665808537453,-0.10001962138347327,0.4988716254785618
806,-0.06539520953421335,-0.09509073220586803,-0.24529621389283265,-0.3101547380578791
807,-0.6570882499160293,0.12936343959168098,-0.6666436887124454,-0.6980412844424925
808,-0.0505508942682269,-0.07937556200206261,-0.2317299875578765,-0.3036230025362928
809,1.0295975905525336,0.16377156383554778,0.07908471200167388,0.16760805010697943
810,-0.5063110553012424,0.25351456074909073,-1.0753823999716772,-0.39127322478748605
811,1.1065951623267392,0.7126929041569234,-0.7109752561049627,0.014394768881714898
812,-0.1303335988481366,-0.4161167309959279,-0.8658723141158975,-0.9139780533103546
813,0.26495723445018216,0.3025184995842759,0.6930418660434643,0.19220450158294505
814,1.2463768877169024,-0.8963596324507961,-0.5650039298049654,-1.1881614411446915
815,0.2403222813619837,-0.3318556033588206,0.07017970758690012,0.19241751560133336
816,0.5191693830074656,0.6092752091004475,-0.19248648627503717,-0.9982032684459261
817,-0.29687750756459536,-0.17770245872232604,-0.16603334033187184,-0.18959295413344643
818,0.7981591361095041,0.3691677314831432,0.06012842047467537,-1.192273513152028
819,0.301949160600567,-0.7003281061705076,0.23887758073178372,0.015547652710560522
820,0.7640644293151477,-0.04495235269790607,-0.8135131272527618,0.12508637374666265
821,-0.4725298930081652,0.3463539677688361,-0.49925022620152054,-0.7161098553869001
822,0.30098153332360317,-0.45651186169338176,-0.3989604826068279,-0.661611905364623
823,0.8464074412678113,0.16382544970453836,-0.7602146510217089,0.5907380032180591
824,1.1603981752836672,0.24275839901596394,-0.5336188269867048,0.15544402804875174
825,0.6131595129305191,-0.23692746958872812,-0.9871349200170567,0.14729779432829732
826,0.805157072189445,-0.9848520097679557,0.9056985907153701,-0.4749278283153522
827,0.28857365068483953,-0.028775303141418462,-0.22843540840134918,-0.6980756171573678
828,0.31432310316567336,0.4027191907739154,-0.09451375574955084,0.20616429364454553
829,0.2975236798934877,-0.16661211211970423,-0.4376415825241997,-0.035100877640466516
830,-0.05928541955206684,0.34166056186602967,-0.2567372307625234,-0.36654994425849485
831,-0.1443344586940118,-0.8571704439108427,0.3636149055231153,-1.0738493175362245
832,1.187284270372007,-0.4239781203440335,0.7985418432350575,0.5232822240844072
833,0.4733283025943325,-0.31353483911918534,0.32899740266227845,0.2254549722346948
834,-0.442728726348725,-0.8875704093124812,0.8621784115708722,0.05006342011093787
835,0.35513478886192545,-0.20880445407701964,-0.5382341655347901,-0.38208654400296727
836,-0.3343789844772223,-0.09052538197514765,-0.2105687868724817,-0.5794258244826583
837,0.08302887775404222,-0.4106935710873134,0.18332406919827232,-0.9850744811904341
838,0.5538440404419064,0.108254629173236,0.8127974823488868,-0.23783732858664397
839,1.0630236795305705,0.5360869451246343,-0.2052698597366392,-0.005504440714878739
840,0.9545103942393209,-0.593509784256731,-0.5500111913652874,-0.5925988393659745
841,0.1106704935193053,-0.9908054611694022,0.47834866488806643,0.5193062402143547
842,0.3876551124953323,-0.7470053629675719,-0.5830801357076387,0.5617760497386023
843,-0.3691445261270981,-0.20751946941437768,0.0518264057475018,-0.4951104215620491
844,-0.32209403753765525,-0.3898662105086543,0.39663073570973356,0.6395892777036025
845,0.5353347543041085,-0.33186992063670834,-0.3593076653116206,-0.19866703785313083
846,0.40594595136018713,0.31182207978486487,-0.3056907062124953,0.15878057666270678
847,0.18541175534602086,-0.5316304915727011,-0.8711568978160174,-0.7685089049153074
848,0.5146278298471116,-0.9550317355330441,-0.12107392901736579,-0.05644943040369557
849,0.3575443966969103,-0.5820294766338694,0.4599878900081866,-0.14361559750482633
850,-0.7151256075131935,0.5010372945511016,-0.0832807746700477,-0.15690718877486626
851,-0.519087495825739,0.003535856875790444,-0.25429735375288426,0.02848422660298283
852,-0.006280900891631136,-0.3201091545785878,-0.4660053607942554,-0.7643747877356823
853,0.2559271332569819,-0.28610378591252567,0.23957708226434782,-0.23957462948687858
854,-0.17597280093735118,-0.7714042818218567,-0.18180703716496233,-0.2317130896104151
855,0.32897114892768947,0.02443992745052012,0.35086566932235635,-0.3923894874586729
856,-0.002139467762492908,0.5259848409764952,-0.17020494182430357,0.1693065088907672
857,1.000682009734837,0.08343014690169218,0.4888530511351817,-0.1506190317566461
858,0.7012609730284144,0.012922813520561877,0.18356299213611893,-0.7400715409288542
859,0.17979278478731964,-1.2042026225037206,-0.9199497137118755,-0.2542799333168193
860,0.26777096468170375,-0.43725462188744646,0.33619642060801774,0.9145135217473469
861,0.41918714326344275,0.1303332054068879,-0.4560667853577326,-0.06753366513282463
862,0.00046013017557461344,-0.37584762801030036,-0.26205222735913347,-1.0062987728808175
863,0.9278969595492066,-0.5782026451787003,-0.19701948470273897,-0.15353421664968936
864,1.3106160462321264,0.37811680238803624,-0.3286309681118852,0.6454724162846188
865,0.8850412508197578,-1.108493850127616,-0.8488911107099968,-0.12977604736049053
866,0.3827152093420513,-0.1117437950659457,-0.011091778007055964,-0.3952330764525561
867,-0.03216873333640552,0.3594936176481669,-0.4050854523182268,0.5015078505816137
868,-0.15942927664479178,0.31997577412539535,-0.5619080419232918,-0.4859571325518287
869,0.46831388947664077,-0.10637457377681653,0.1288457074486034,-0.14055318079081247
870,0.6981115999127292,-0.4779289257934995,-0.378931305818867,-0.1926671457884678
871,0.6205242064474537,0.09118365188740044,-0.28742084901903675,-0.056095962794739385
872,0.9950664972944936,-0.635092927263054,0.3850811150146887,0.26464487960010696
873,1.189215325819481,-0.8420114334252722,-0.8040853693525214,-0.3271209322937201
874,0.0633867015079273,0.19234981905122175,-0.23451278733317843,0.5085544998544296
875,0.39355648438528534,0.3830011161484185,-0.594879473087099,0.05912582466770455
876,0.5178703896610265,-0.6388552045200414,-0.7985662631283987,-0.8696122931242106
877,1.3712398192962822,-1.0990089150872515,-0.9583089435858294,-0.5798362391045702
878,0.2961831399655558,-0.08635761213577278,-0.6369521132186737,-0.6535573211440003
879,0.6625317807755431,-0.29315724971166435,-0.6292088785501933,-0.8957458684058253
880,0.28927261215711936,-0.2522679064737564,0.4452099215536233,-0.4607335697920127
881,-0.3625965785326751,-0.6058321717432069,-0.6478824578190964,0.10414496422927422
882,0.35041467771679785,-0.0825467803701393,-0.1481446347663852,0.8472801327526863
883,0.8729534414420679,0.04497851379901488,0.23494470674271267,-0.4397655360808218
884,0.057563943223388425,-0.5454034341718161,0.3814538743581622,0.3331134478218205
885,0.25562188265706326,-0.2354656339410611,-0.6310518874343326,-0.9061393708496719
886,0.011989620823696145,-1.0165401310810214,0.261800100300493,-0.9155747890973015
887,0.8221743532596468,0.17874585116196365,0.12356433727592053,-0.28160273793135593
888,0.11198284267086925,-0.7221288358638088,0.13019354403573602,-0.8655767060845461
889,0.20262261766566592,-0.009800858880683883,-0.5422466817997176,0.2039374261310576
890,0.21344675747106356,0.27885996316926853,-0.28272242059031133,-0.025709995177367412
891,-0.119310869433082,-0.528395557753664,-0.18587231987831948,-0.07061493806303695
892,0.04551831711668142,0.17677305180578215,-0.6008933362089788,-0.9262874302995376
893,0.5466657313728995,0.081727983888677,-0.2914650274626044,-0.6510594377285686
894,0.7822366060094403,-0.2539173126766039,0.04122503380550238,-0.7025701210163638
895,0.3312703442709382,-0.2306270518339646,-0.4171059969118174,-0.06565416439497898
896,-0.2074803613490433,0.23424112407676842,0.4290333619047167,0.07718270800261962
897,0.3189819306899241,-0.14919175383390282,-0.6354881092364717,-0.22855809056593177
898,0.3122837337205121,-0.035900652561501406,-0.3669154735899288,0.06577938734438793
899,0.14737252423197006,-0.44248759391194037,0.27721233087518776,0.27708584902075567
900,0.2848954941564465,-0.5768712630811572,-1.041698639810796,-0.20168502719410972
901,0.8112116831098695,-0.11196489276543492,-0.2219252813248585,-0.17447806079291156
902,1.0448705836114607,-0.4414494805183322,-0.25796833518076695,0.1907737676164873
903,0.511029167443158,-1.2321956828182052,-0.7123084071347401,-1.0378080657542195
904,-0.3586849748636351,-1.0637064303550055,-0.7669053853309402,-0.7913603489030973
905,0.3373830197463303,-0.48406162660145113,0.2127853319376723,0.11386888863216876
906,0.39848422037560066,-1.0385021837840476,-0.5276359530865674,-0.8660329804679157
907,0.2579180839639331,-0.31087431202894844,-0.362637817474065,-0.44343644344220823
908,-0.04485704555699116,-0.05414077898446307,0.28653654569468645,-0.7852416515612631
909,0.16013849285610446,0.4710856813463441,1.0955988549491888,-0.44565874625935603
910,0.6513601042894064,-0.03512881649485938,0.29784621471864975,-1.001839535010337
911,0.48223095774755864,-0.15356321572862563,-0.9424452111571426,0.030056301689271175
912,-0.17981305588727842,0.3565017160441747,0.9767193252765831,-0.8618534776097073
913,0.9686252673318729,-0.8323140043448,0.07624745007820671,0.2564824689781341
914,0.6206866778516672,0.25243364535569945,-0.009193701287411427,0.05800628933293661
915,0.5030473405274689,-0.08496294551558653,-0.184396995616387,0.10537000044773409
916,0.6222786413776575,-0.2945459418902207,-0.0648214562196478,0.061055949206343996
917,1.0451034167224524,-0.8173715258006294,-0.11744796834658458,-0.24338830923570917
918,-0.19093218694698838,0.3307139319750889,-0.32453834288973815,0.21573058157825475
919,0.29437471973811813,0.13726674061767039,-0.5068965019854864,-0.09208039032230751
920,-0.11028551431431005,-0.5394251357743003,0.05072538336345017,0.23762776520476575
921,1.3713545753000085,-0.0017108305203746843,0.2454463224452425,-0.10280178612699627
922,0.8916393937523155,-0.631418050680265,-0.3533370875227137,-0.2861241422707673
923,-0.11073894366631415,-0.04002126312128709,-0.47713568257047173,-0.554979474434056
924,0.3223524266617487,-1.1392817524694332,-0.8213011446707827,-0.396470277480192
925,0.4973626469755478,-0.0068006199548393265,-0.3653895398946789,0.4191625182961842
926,0.7918905672354233,0.28796971767327895,1.2668609042742303,0.5548316036660186
927,0.5894574602567586,-0.13271875712653114,-0.16005909252615783,0.28052335317748023
928,0.30803368668314646,-0.16563160199060473,-0.13194613117280668,0.3646760441253779
929,-0.37587151270955016,-0.44157205458810367,0.8776275835120941,-0.08190975926466477
930,0.6881723097169509,-0.7272793927343701,-0.9989333035290038,-1.1753324172080721
931,0.13860764637845469,-0.7548287039511202,0.2423856856324066,-0.4188270392598524
932,0.3563802756900604,-0.050022792539213184,0.4490931679817551,-0.48112432755567575
933,0.9119025386671125,-0.007016764521170116,0.2407144508627146,-0.0967087111237989
934,1.2853916788096085,0.07234457249959678,-0.20527856070812459,0.21979564270909024
935,-0.05182176832618607,-0.03985091222786835,-0.3526203250278602,-0.5085619010842621
936,0.41335639946417135,-0.12245371530578258,-0.6905374254042809,0.5250710913121154
937,0.34659272006438596,-0.4588793612944341,0.5763995592492395,0.037771320962569715
938,-0.10475930469261352,-0.9277963549045166,-0.15227484303760863,-0.3115868532801628
939,0.6608243286069713,0.2905021658938426,-0.006298407642217646,-0.22385108203714976
940,0.46373954700210107,-0.23782756407912767,0.2508265012302167,-0.9820754491432636
941,0.6464859283387046,0.3008900842247485,-0.13772819629034605,-0.8035139821251309
942,0.6140029038806867,0.13279824648786168,0.03399517665909499,0.1522251772915923
943,-0.13951206780845982,-1.1026582043371644,-0.3017883364982536,-0.06604077544852227
944,1.5013542486789262,-0.7908909415299212,-0.5290074027901839,-1.0219285530884838
945,0.017985443280845947,0.03535263358100818,-0.5006696937683796,-0.3186917299605359
946,0.8459374945487741,-0.03573946321133764,-1.0641795316148663,-0.3867758898363868
947,-0.5117012125908471,-0.7544686921413757,-0.12735438721886796,0.00950069984468302
948,0.4946245489154278,-1.678684367388841,-0.790952349385253,-0.39604425836435075
949,0.430690757044605,-0.08788598341861781,0.624607198601197,-0.3153824426508638
950,0.6737189537834513,0.8938729308683618,0.3093665730834361,-0.7270982026189848
951,-0.7422796902776918,-0.5484314383607327,-0.40570762344264255,-0.6285225892769857
952,0.7751424632476112,0.35467735393704225,-0.1304869110969148,-0.35000123535152483
953,0.3918593894050362,-0.2895264977820191,-0.3076526669866586,-0.36198700879102874
954,-0.16885286228630508,0.05014446148712656,-0.19174990859282925,-0.2942382922875683
955,-0.10535151432722278,0.222238853764775,-0.8843135399567574,0.2526768969333904
956,-0.0222211374879957,0.12849447941289996,-0.0644927594906047,-0.5445212144382434
957,1.0715470458592846,-0.5056301366900844,-0.29772602474223564,-0.3564796929326598
958,0.43123615820557953,-0.1475079453340873,0.04349526534747861,-1.3853722227020437
959,0.4434251628115484,-0.08032087683442679,-0.7062260473296489,-0.15993602974208343
960,-0.44516855779036674,-0.4570394305945664,-0.3622039598127901,0.42146049803447105
961,0.31739508565246155,0.22937683111732113,-0.4177813058218947,-0.3948312541461103
962,0.9022292387574198,0.6709884989576971,0.1745850574208863,-0.5050763479861009
963,0.03114048968000177,-0.17171041422109573,0.4144834285996087,-0.1400687079126507
964,-0.09553979000587076,-0.11223276297421286,-0.7319396196468533,-0.8411618574017746
965,0.7570673957688728,-0.824951443002618,0.0545234876359913,-0.6088792560124021
966,1.1143401060726927,-0.15131881458949703,0.39497161723933444,0.7683516794508205
967,0.13105960152703622,-0.9598855960906127,-0.36921108151532966,-0.06018734288859673
968,0.6459064703306364,-0.42178908639122525,0.05793689220729625,-0.44763152537632256
969,1.0990130832043254,0.38743852146023305,-0.2008021373773383,-0.7192740961710316
970,0.9622440959336584,0.057388269632331984,-0.7812341078237501,-0.6705177201626108
971,-0.208750433291591,-0.2566112914244953,0.1478374195478213,-0.00034730824886730627
972,0.10905712164665107,-0.4874494807051536,0.02672270547771441,0.015998131459612264
973,0.09527746315715555,-0.4378751925676375,0.2027635197574279,0.4433952086088073
974,-0.43549178483842693,-0.3763796356854191,-0.9681966925186771,-0.03357084877014799
975,0.2581838796360755,-0.4430509986849624,-0.3073151312203647,0.5663886985194329
976,0.24077560420770414,-0.6185740500407615,-0.48860299281654945,-0.22556174888481215
977,0.821698674011846,-0.1330016474670744,-0.23688926278488023,1.097287916745259
978,0.17293840478376413,0.06007764522347145,0.03090689912072528,-1.20660055181341
979,0.837712951853576,0.20539969349353446,-0.4522063124509623,0.33729034919708223
980,0.853192326145835,-0.010088476696902993,0.5253224307376514,0.7805036546600803
981,1.0494210154999533,-0.9121346609544939,0.6315197652645574,-0.026074851159064938
982,0.9749275470251142,0.17333982208596185,-0.2109245298449035,0.5053198975584583
983,-0.6529079004071789,-0.06968050378996898,-0.6654604254770022,-0.9246459752933153
984,0.2586947747832661,-0.23190804794023498,-0.25115616618258974,0.20231827075171194
985,0.840687986815412,-0.7921732575502263,0.1657330604718753,-1.3348227486754407
986,1.2852502914883062,0.7077608820806947,-0.2578004496028233,0.09534137531702719
987,0.5036677300925884,0.7846352257159382,0.10643457969542275,-0.20767096416775047
988,-0.39706412189542145,0.2947528858919163,-0.2896754085984815,0.28600629334611444
989,0.6403170803291275,-1.6171821077615616,-0.867431262809502,-0.33019082037332126
990,0.23433768851589154,-0.25426704065932004,0.4500617638663706,-0.7969200551192822
991,-0.34929154423115477,-0.4948025167930509,0.5745105327351552,-0.46229505519564484
992,0.7330263252476332,-0.2627766452380606,-0.2782820432766024,-0.675889728194812
993,-0.10478464127976589,-0.45461709122232263,0.004587084532624547,-0.25249914918268523
994,0.6854815977310917,-0.8396324237185292,-0.31320870928837086,0.15694729400939966
995,0.6915449035479372,-0.17157934389394108,0.5659960061132603,0.057744648827358414
996,0.23300567878817308,0.9498060578076576,0.033301802951731935,0.049624610586305684
997,0.8112081387845629,-0.719184680183462,-0.7728505828111008,-0.11618058245124986
998,-0.18369560347922326,0.5113625971933573,-0.8463226560371886,-0.4690626707481262
999,0.7779594948247539,-0.702591995046903,-0.16642628536264023,0.7625637128370986
